{
    "type": "minecraft:crafting_shaped",
    "pattern": [
        "#T#",
        "OEO",
        "#R#"
    ],
    "key": {
        "#": {
            "item": "minecraft:diamond_block"
        },
        "T": {
            "item": "minecraft:totem_of_undying"
        },
        "O": {
            "item": "minecraft:obsidian"
        },
        "E": {
            "item": "minecraft:elytra"
        },
        "R": {
            "item": "minecraft:redstone_block"
        }
    },
    "result": {
        "item": "minecraft:knowledge_book",
        "count": 1
    }
}