{
    "type": "minecraft:crafting_shapeless",
    "ingredients": [
        {
            "item": "minecraft:gold_ingot"
        },
        {
            "item": "minecraft:gold_ingot"
        },
        {
            "item": "minecraft:gold_ingot"
        },
        {
            "item": "minecraft:gold_ingot"
        },
        {
            "item": "minecraft:melon_slice"
        },
        {
            "item": "minecraft:gold_ingot"
        },
        {
            "item": "minecraft:gold_ingot"
        },
        {
            "item": "minecraft:gold_ingot"
        },
        {
            "item": "minecraft:gold_ingot"
        }
    ],
    "result": {
        "item": "minecraft:glistering_melon_slice",
        "count": 1
    }
}